{
  "main": {
    "id": "b3b16707ad86e2e1",
    "type": "split",
    "children": [
      {
        "id": "fcf33bad155b1af0",
        "type": "tabs",
        "children": [
          {
            "id": "f7b1d2d9a1da1e2d",
            "type": "leaf",
            "state": {
              "type": "markdown",
              "state": {
                "file": "templates/note template.md",
                "mode": "source",
                "source": false
              }
            }
          }
        ]
      }
    ],
    "direction": "vertical"
  },
  "left": {
    "id": "740e764786c4174b",
    "type": "split",
    "children": [
      {
        "id": "c71817316873740c",
        "type": "tabs",
        "children": [
          {
            "id": "4cce8b3a971d1466",
            "type": "leaf",
            "state": {
              "type": "file-explorer",
              "state": {
                "sortOrder": "alphabetical"
              }
            }
          },
          {
            "id": "1a0e0b4082474f9c",
            "type": "leaf",
            "state": {
              "type": "search",
              "state": {
                "query": "note",
                "matchingCase": false,
                "explainSearch": false,
                "collapseAll": false,
                "extraContext": false,
                "sortOrder": "alphabetical"
              }
            }
          },
          {
            "id": "380b991906b2994e",
            "type": "leaf",
            "state": {
              "type": "bookmarks",
              "state": {}
            }
          }
        ],
        "currentTab": 1
      }
    ],
    "direction": "horizontal",
    "width": 300
  },
  "right": {
    "id": "ce96728867494aa4",
    "type": "split",
    "children": [
      {
        "id": "40a9bbec16f36118",
        "type": "tabs",
        "children": [
          {
            "id": "25c6f624b7d3b8d9",
            "type": "leaf",
            "state": {
              "type": "backlink",
              "state": {
                "file": "templates/note template.md",
                "collapseAll": false,
                "extraContext": false,
                "sortOrder": "alphabetical",
                "showSearch": false,
                "searchQuery": "",
                "backlinkCollapsed": false,
                "unlinkedCollapsed": true
              }
            }
          },
          {
            "id": "2ec36fb697165f2e",
            "type": "leaf",
            "state": {
              "type": "outgoing-link",
              "state": {
                "file": "templates/note template.md",
                "linksCollapsed": false,
                "unlinkedCollapsed": true
              }
            }
          },
          {
            "id": "06e41ffa3b9bd4e9",
            "type": "leaf",
            "state": {
              "type": "tag",
              "state": {
                "sortOrder": "frequency",
                "useHierarchy": true
              }
            }
          },
          {
            "id": "97e8c66d24c74cb7",
            "type": "leaf",
            "state": {
              "type": "outline",
              "state": {
                "file": "templates/note template.md"
              }
            }
          }
        ]
      }
    ],
    "direction": "horizontal",
    "width": 300,
    "collapsed": true
  },
  "left-ribbon": {
    "hiddenItems": {
      "switcher:Open quick switcher": false,
      "graph:Open graph view": false,
      "canvas:Create new canvas": false,
      "daily-notes:Open today's daily note": false,
      "templates:Insert template": false,
      "command-palette:Open command palette": false,
      "homepage:Open homepage": false
    }
  },
  "active": "f7b1d2d9a1da1e2d",
  "lastOpenFiles": [
    "Inside/there are/who need/and thus create/Can/You.md",
    "templates/note template.md",
    "Inside/there are/who need/and thus create/The Demi-mortals.md",
    "Inside/there are/who need/The Mortals.md",
    "Inside/there are/who need/and thus create/Can",
    "Inside/The Universe.md",
    "Everything/Untitled",
    "Everything/Inside/need/and thus create/The Guardians.md",
    "Everything/Inside/need/and thus create/The Monsters.md",
    "Everything/The Monsters.md",
    "Everything/The Demi-mortals.md",
    "templates/Help these poor souls.md",
    "Everything/Help these poor souls.md",
    "Everything/The Guardians.md",
    "Everything/The Mortals.md",
    "Everything/The Immortals.md",
    "Inside",
    "templates",
    "Inside",
    "Everything/The Universe"
  ]
}